id,position_x,position_y,geom_y,geom_x
0,0,0,0,0
1,0.05,0,2,0
2,0.025,0.0433,1,1
3,-0.025,0.0433,-1,1
4,-0.05,0,-2,0
5,-0.025,-0.0433,-1,-1
6,0.025,-0.0433,1,-1
7,-0.125,-0.0433,-5,-1
8,-0.075,-0.0433,-3,-1
9,-0.1,0,-4,0
10,-0.15,0,-6,0
11,-0.175,-0.0433,-7,-1
12,-0.15,-0.0866,-6,-2
13,-0.1,-0.0866,-4,-2
14,0.125,0.0433,5,1
15,0.175,0.0433,7,1
16,0.15,0.0866,6,2
17,0.1,0.0866,4,2
18,0.075,0.0433,3,1
19,0.1,0,4,0
20,0.15,0,6,0
21,-0.25,-0.0866,-10,-2
22,-0.2,-0.0866,-8,-2
23,-0.225,-0.0433,-9,-1
24,-0.275,-0.0433,-11,-1
25,-0.3,-0.0866,-12,-2
26,-0.275,-0.1299,-11,-3
27,-0.225,-0.1299,-9,-3
28,0.25,0.0866,10,2
29,0.3,0.0866,12,2
30,0.275,0.1299,11,3
31,0.225,0.1299,9,3
32,0.2,0.0866,8,2
33,0.225,0.0433,9,1
34,0.275,0.0433,11,1
35,-0.375,-0.1299,-15,-3
36,-0.325,-0.1299,-13,-3
37,-0.35,-0.0866,-14,-2
38,-0.4,-0.0866,-16,-2
39,-0.425,-0.1299,-17,-3
40,-0.4,-0.17321,-16,-4
41,-0.35,-0.17321,-14,-4
42,0.375,0.1299,15,3
43,0.425,0.1299,17,3
44,0.4,0.17321,16,4
45,0.35,0.17321,14,4
46,0.325,0.1299,13,3
47,0.35,0.0866,14,2
48,0.4,0.0866,16,2
49,-0.5,-0.17321,-20,-4
50,-0.45,-0.17321,-18,-4
51,-0.475,-0.1299,-19,-3
52,-0.525,-0.1299,-21,-3
53,-0.55,-0.17321,-22,-4
54,-0.525,-0.21651,-21,-5
55,-0.475,-0.21651,-19,-5
56,0.5,0.17321,20,4
57,0.55,0.17321,22,4
58,0.525,0.21651,21,5
59,0.475,0.21651,19,5
60,0.45,0.17321,18,4
61,0.475,0.1299,19,3
62,0.525,0.1299,21,3
63,-0.625,-0.21651,-25,-5
64,-0.575,-0.21651,-23,-5
65,-0.6,-0.17321,-24,-4
66,-0.65,-0.17321,-26,-4
67,-0.675,-0.21651,-27,-5
68,-0.65,-0.25981,-26,-6
69,-0.6,-0.25981,-24,-6
70,0.625,0.21651,25,5
71,0.675,0.21651,27,5
72,0.65,0.25981,26,6
73,0.6,0.25981,24,6
74,0.575,0.21651,23,5
75,0.6,0.17321,24,4
76,0.65,0.17321,26,4
77,-0.75,-0.25981,-30,-6
78,-0.7,-0.25981,-28,-6
79,-0.725,-0.21651,-29,-5
80,-0.775,-0.21651,-31,-5
81,-0.8,-0.25981,-32,-6
82,-0.775,-0.30311,-31,-7
83,-0.725,-0.30311,-29,-7
84,0.75,0.25981,30,6
85,0.8,0.25981,32,6
86,0.775,0.30311,31,7
87,0.725,0.30311,29,7
88,0.7,0.25981,28,6
89,0.725,0.21651,29,5
90,0.775,0.21651,31,5
91,-0.875,-0.30311,-35,-7
92,-0.825,-0.30311,-33,-7
93,-0.85,-0.25981,-34,-6
94,-0.9,-0.25981,-36,-6
95,-0.925,-0.30311,-37,-7
96,-0.9,-0.34641,-36,-8
97,-0.85,-0.34641,-34,-8
98,0.875,0.30311,35,7
99,0.925,0.30311,37,7
100,0.9,0.34641,36,8
101,0.85,0.34641,34,8
102,0.825,0.30311,33,7
103,0.85,0.25981,34,6
104,0.9,0.25981,36,6
105,-1,-0.34641,-40,-8
106,-0.95,-0.34641,-38,-8
107,-0.975,-0.30311,-39,-7
108,-1.025,-0.30311,-41,-7
109,-1.05,-0.34641,-42,-8
110,-1.025,-0.38971,-41,-9
111,-0.975,-0.38971,-39,-9
112,1,0.34641,40,8
113,1.05,0.34641,42,8
114,1.025,0.38971,41,9
115,0.975,0.38971,39,9
116,0.95,0.34641,38,8
117,0.975,0.30311,39,7
118,1.025,0.30311,41,7
119,-0.025,-0.1299,-1,-3
120,0.025,-0.1299,1,-3
121,0,-0.0866,0,-2
122,-0.05,-0.0866,-2,-2
123,-0.075,-0.1299,-3,-3
124,-0.05,-0.17321,-2,-4
125,0,-0.17321,0,-4
126,-0.15,-0.17321,-6,-4
127,-0.1,-0.17321,-4,-4
128,-0.125,-0.1299,-5,-3
129,-0.175,-0.1299,-7,-3
130,-0.2,-0.17321,-8,-4
131,-0.175,-0.21651,-7,-5
132,-0.125,-0.21651,-5,-5
133,0.1,-0.0866,4,-2
134,0.15,-0.0866,6,-2
135,0.125,-0.0433,5,-1
136,0.075,-0.0433,3,-1
137,0.05,-0.0866,2,-2
138,0.075,-0.1299,3,-3
139,0.125,-0.1299,5,-3
140,-0.275,-0.21651,-11,-5
141,-0.225,-0.21651,-9,-5
142,-0.25,-0.17321,-10,-4
143,-0.3,-0.17321,-12,-4
144,-0.325,-0.21651,-13,-5
145,-0.3,-0.25981,-12,-6
146,-0.25,-0.25981,-10,-6
147,0.225,-0.0433,9,-1
148,0.275,-0.0433,11,-1
149,0.25,0,10,0
150,0.2,0,8,0
151,0.175,-0.0433,7,-1
152,0.2,-0.0866,8,-2
153,0.25,-0.0866,10,-2
154,-0.4,-0.25981,-16,-6
155,-0.35,-0.25981,-14,-6
156,-0.375,-0.21651,-15,-5
157,-0.425,-0.21651,-17,-5
158,-0.45,-0.25981,-18,-6
159,-0.425,-0.30311,-17,-7
160,-0.375,-0.30311,-15,-7
161,0.35,0,14,0
162,0.4,0,16,0
163,0.375,0.0433,15,1
164,0.325,0.0433,13,1
165,0.3,0,12,0
166,0.325,-0.0433,13,-1
167,0.375,-0.0433,15,-1
168,-0.525,-0.30311,-21,-7
169,-0.475,-0.30311,-19,-7
170,-0.5,-0.25981,-20,-6
171,-0.55,-0.25981,-22,-6
172,-0.575,-0.30311,-23,-7
173,-0.55,-0.34641,-22,-8
174,-0.5,-0.34641,-20,-8
175,0.475,0.0433,19,1
176,0.525,0.0433,21,1
177,0.5,0.0866,20,2
178,0.45,0.0866,18,2
179,0.425,0.0433,17,1
180,0.45,0,18,0
181,0.5,0,20,0
182,-0.65,-0.34641,-26,-8
183,-0.6,-0.34641,-24,-8
184,-0.625,-0.30311,-25,-7
185,-0.675,-0.30311,-27,-7
186,-0.7,-0.34641,-28,-8
187,-0.675,-0.38971,-27,-9
188,-0.625,-0.38971,-25,-9
189,0.6,0.0866,24,2
190,0.65,0.0866,26,2
191,0.625,0.1299,25,3
192,0.575,0.1299,23,3
193,0.55,0.0866,22,2
194,0.575,0.0433,23,1
195,0.625,0.0433,25,1
196,-0.775,-0.38971,-31,-9
197,-0.725,-0.38971,-29,-9
198,-0.75,-0.34641,-30,-8
199,-0.8,-0.34641,-32,-8
200,-0.825,-0.38971,-33,-9
201,-0.8,-0.43301,-32,-10
202,-0.75,-0.43301,-30,-10
203,0.725,0.1299,29,3
204,0.775,0.1299,31,3
205,0.75,0.17321,30,4
206,0.7,0.17321,28,4
207,0.675,0.1299,27,3
208,0.7,0.0866,28,2
209,0.75,0.0866,30,2
210,-0.9,-0.43301,-36,-10
211,-0.85,-0.43301,-34,-10
212,-0.875,-0.38971,-35,-9
213,-0.925,-0.38971,-37,-9
214,-0.95,-0.43301,-38,-10
215,-0.925,-0.47631,-37,-11
216,-0.875,-0.47631,-35,-11
217,0.85,0.17321,34,4
218,0.9,0.17321,36,4
219,0.875,0.21651,35,5
220,0.825,0.21651,33,5
221,0.8,0.17321,32,4
222,0.825,0.1299,33,3
223,0.875,0.1299,35,3
224,-1.025,-0.47631,-41,-11
225,-0.975,-0.47631,-39,-11
226,-1,-0.43301,-40,-10
227,-1.05,-0.43301,-42,-10
228,-1.075,-0.47631,-43,-11
229,-1.05,-0.51962,-42,-12
230,-1,-0.51962,-40,-12
231,0.975,0.21651,39,5
232,1.025,0.21651,41,5
233,1,0.25981,40,6
234,0.95,0.25981,38,6
235,0.925,0.21651,37,5
236,0.95,0.17321,38,4
237,1,0.17321,40,4
238,1.1,0.25981,44,6
239,1.15,0.25981,46,6
240,1.125,0.30311,45,7
241,1.075,0.30311,43,7
242,1.05,0.25981,42,6
243,1.075,0.21651,43,5
244,1.125,0.21651,45,5
245,0.025,0.1299,1,3
246,0.075,0.1299,3,3
247,0.05,0.17321,2,4
248,0,0.17321,0,4
249,-0.025,0.1299,-1,3
250,0,0.0866,0,2
251,0.05,0.0866,2,2
252,-0.1,0.0866,-4,2
253,-0.05,0.0866,-2,2
254,-0.075,0.1299,-3,3
255,-0.125,0.1299,-5,3
256,-0.15,0.0866,-6,2
257,-0.125,0.0433,-5,1
258,-0.075,0.0433,-3,1
259,0.15,0.17321,6,4
260,0.2,0.17321,8,4
261,0.175,0.21651,7,5
262,0.125,0.21651,5,5
263,0.1,0.17321,4,4
264,0.125,0.1299,5,3
265,0.175,0.1299,7,3
266,-0.225,0.0433,-9,1
267,-0.175,0.0433,-7,1
268,-0.2,0.0866,-8,2
269,-0.25,0.0866,-10,2
270,-0.275,0.0433,-11,1
271,-0.25,0,-10,0
272,-0.2,0,-8,0
273,0.275,0.21651,11,5
274,0.325,0.21651,13,5
275,0.3,0.25981,12,6
276,0.25,0.25981,10,6
277,0.225,0.21651,9,5
278,0.25,0.17321,10,4
279,0.3,0.17321,12,4
280,-0.35,0,-14,0
281,-0.3,0,-12,0
282,-0.325,0.0433,-13,1
283,-0.375,0.0433,-15,1
284,-0.4,0,-16,0
285,-0.375,-0.0433,-15,-1
286,-0.325,-0.0433,-13,-1
287,0.4,0.25981,16,6
288,0.45,0.25981,18,6
289,0.425,0.30311,17,7
290,0.375,0.30311,15,7
291,0.35,0.25981,14,6
292,0.375,0.21651,15,5
293,0.425,0.21651,17,5
294,-0.475,-0.0433,-19,-1
295,-0.425,-0.0433,-17,-1
296,-0.45,0,-18,0
297,-0.5,0,-20,0
298,-0.525,-0.0433,-21,-1
299,-0.5,-0.0866,-20,-2
300,-0.45,-0.0866,-18,-2
301,0.525,0.30311,21,7
302,0.575,0.30311,23,7
303,0.55,0.34641,22,8
304,0.5,0.34641,20,8
305,0.475,0.30311,19,7
306,0.5,0.25981,20,6
307,0.55,0.25981,22,6
308,-0.6,-0.0866,-24,-2
309,-0.55,-0.0866,-22,-2
310,-0.575,-0.0433,-23,-1
311,-0.625,-0.0433,-25,-1
312,-0.65,-0.0866,-26,-2
313,-0.625,-0.1299,-25,-3
314,-0.575,-0.1299,-23,-3
315,0.65,0.34641,26,8
316,0.7,0.34641,28,8
317,0.675,0.38971,27,9
318,0.625,0.38971,25,9
319,0.6,0.34641,24,8
320,0.625,0.30311,25,7
321,0.675,0.30311,27,7
322,-0.725,-0.1299,-29,-3
323,-0.675,-0.1299,-27,-3
324,-0.7,-0.0866,-28,-2
325,-0.75,-0.0866,-30,-2
326,-0.775,-0.1299,-31,-3
327,-0.75,-0.17321,-30,-4
328,-0.7,-0.17321,-28,-4
329,0.775,0.38971,31,9
330,0.825,0.38971,33,9
331,0.8,0.43301,32,10
332,0.75,0.43301,30,10
333,0.725,0.38971,29,9
334,0.75,0.34641,30,8
335,0.8,0.34641,32,8
336,-0.85,-0.17321,-34,-4
337,-0.8,-0.17321,-32,-4
338,-0.825,-0.1299,-33,-3
339,-0.875,-0.1299,-35,-3
340,-0.9,-0.17321,-36,-4
341,-0.875,-0.21651,-35,-5
342,-0.825,-0.21651,-33,-5
343,0.9,0.43301,36,10
344,0.95,0.43301,38,10
345,0.925,0.47631,37,11
346,0.875,0.47631,35,11
347,0.85,0.43301,34,10
348,0.875,0.38971,35,9
349,0.925,0.38971,37,9
350,-0.975,-0.21651,-39,-5
351,-0.925,-0.21651,-37,-5
352,-0.95,-0.17321,-38,-4
353,-1,-0.17321,-40,-4
354,-1.025,-0.21651,-41,-5
355,-1,-0.25981,-40,-6
356,-0.95,-0.25981,-38,-6
357,1.025,0.47631,41,11
358,1.075,0.47631,43,11
359,1.05,0.51962,42,12
360,1,0.51962,40,12
361,0.975,0.47631,39,11
362,1,0.43301,40,10
363,1.05,0.43301,42,10
364,-1.1,-0.25981,-44,-6
365,-1.05,-0.25981,-42,-6
366,-1.075,-0.21651,-43,-5
367,-1.125,-0.21651,-45,-5
368,-1.15,-0.25981,-46,-6
369,-1.125,-0.30311,-45,-7
370,-1.075,-0.30311,-43,-7
371,-0.05,-0.25981,-2,-6
372,0,-0.25981,0,-6
373,-0.025,-0.21651,-1,-5
374,-0.075,-0.21651,-3,-5
375,-0.1,-0.25981,-4,-6
376,-0.075,-0.30311,-3,-7
377,-0.025,-0.30311,-1,-7
378,-0.175,-0.30311,-7,-7
379,-0.125,-0.30311,-5,-7
380,-0.15,-0.25981,-6,-6
381,-0.2,-0.25981,-8,-6
382,-0.225,-0.30311,-9,-7
383,-0.2,-0.34641,-8,-8
384,-0.15,-0.34641,-6,-8
385,0.075,-0.21651,3,-5
386,0.125,-0.21651,5,-5
387,0.1,-0.17321,4,-4
388,0.05,-0.17321,2,-4
389,0.025,-0.21651,1,-5
390,0.05,-0.25981,2,-6
391,0.1,-0.25981,4,-6
392,-0.3,-0.34641,-12,-8
393,-0.25,-0.34641,-10,-8
394,-0.275,-0.30311,-11,-7
395,-0.325,-0.30311,-13,-7
396,-0.35,-0.34641,-14,-8
397,-0.325,-0.38971,-13,-9
398,-0.275,-0.38971,-11,-9
399,0.2,-0.17321,8,-4
400,0.25,-0.17321,10,-4
401,0.225,-0.1299,9,-3
402,0.175,-0.1299,7,-3
403,0.15,-0.17321,6,-4
404,0.175,-0.21651,7,-5
405,0.225,-0.21651,9,-5
406,-0.425,-0.38971,-17,-9
407,-0.375,-0.38971,-15,-9
408,-0.4,-0.34641,-16,-8
409,-0.45,-0.34641,-18,-8
410,-0.475,-0.38971,-19,-9
411,-0.45,-0.43301,-18,-10
412,-0.4,-0.43301,-16,-10
413,0.325,-0.1299,13,-3
414,0.375,-0.1299,15,-3
415,0.35,-0.0866,14,-2
416,0.3,-0.0866,12,-2
417,0.275,-0.1299,11,-3
418,0.3,-0.17321,12,-4
419,0.35,-0.17321,14,-4
420,-0.55,-0.43301,-22,-10
421,-0.5,-0.43301,-20,-10
422,-0.525,-0.38971,-21,-9
423,-0.575,-0.38971,-23,-9
424,-0.6,-0.43301,-24,-10
425,-0.575,-0.47631,-23,-11
426,-0.525,-0.47631,-21,-11
427,0.45,-0.0866,18,-2
428,0.5,-0.0866,20,-2
429,0.475,-0.0433,19,-1
430,0.425,-0.0433,17,-1
431,0.4,-0.0866,16,-2
432,0.425,-0.1299,17,-3
433,0.475,-0.1299,19,-3
434,-0.675,-0.47631,-27,-11
435,-0.625,-0.47631,-25,-11
436,-0.65,-0.43301,-26,-10
437,-0.7,-0.43301,-28,-10
438,-0.725,-0.47631,-29,-11
439,-0.7,-0.51962,-28,-12
440,-0.65,-0.51962,-26,-12
441,0.575,-0.0433,23,-1
442,0.625,-0.0433,25,-1
443,0.6,0,24,0
444,0.55,0,22,0
445,0.525,-0.0433,21,-1
446,0.55,-0.0866,22,-2
447,0.6,-0.0866,24,-2
448,-0.8,-0.51962,-32,-12
449,-0.75,-0.51962,-30,-12
450,-0.775,-0.47631,-31,-11
451,-0.825,-0.47631,-33,-11
452,-0.85,-0.51962,-34,-12
453,-0.825,-0.56292,-33,-13
454,-0.775,-0.56292,-31,-13
455,0.7,0,28,0
456,0.75,0,30,0
457,0.725,0.0433,29,1
458,0.675,0.0433,27,1
459,0.65,0,26,0
460,0.675,-0.0433,27,-1
461,0.725,-0.0433,29,-1
462,-0.925,-0.56292,-37,-13
463,-0.875,-0.56292,-35,-13
464,-0.9,-0.51962,-36,-12
465,-0.95,-0.51962,-38,-12
466,-0.975,-0.56292,-39,-13
467,-0.95,-0.60622,-38,-14
468,-0.9,-0.60622,-36,-14
469,0.825,0.0433,33,1
470,0.875,0.0433,35,1
471,0.85,0.0866,34,2
472,0.8,0.0866,32,2
473,0.775,0.0433,31,1
474,0.8,0,32,0
475,0.85,0,34,0
476,0.95,0.0866,38,2
477,1,0.0866,40,2
478,0.975,0.1299,39,3
479,0.925,0.1299,37,3
480,0.9,0.0866,36,2
481,0.925,0.0433,37,1
482,0.975,0.0433,39,1
483,1.075,0.1299,43,3
484,1.125,0.1299,45,3
485,1.1,0.17321,44,4
486,1.05,0.17321,42,4
487,1.025,0.1299,41,3
488,1.05,0.0866,42,2
489,1.1,0.0866,44,2
490,0.05,0.25981,2,6
491,0.1,0.25981,4,6
492,0.075,0.30311,3,7
493,0.025,0.30311,1,7
494,0,0.25981,0,6
495,0.025,0.21651,1,5
496,0.075,0.21651,3,5
497,-0.075,0.21651,-3,5
498,-0.025,0.21651,-1,5
499,-0.05,0.25981,-2,6
500,-0.1,0.25981,-4,6
501,-0.125,0.21651,-5,5
502,-0.1,0.17321,-4,4
503,-0.05,0.17321,-2,4
504,0.175,0.30311,7,7
505,0.225,0.30311,9,7
506,0.2,0.34641,8,8
507,0.15,0.34641,6,8
508,0.125,0.30311,5,7
509,0.15,0.25981,6,6
510,0.2,0.25981,8,6
511,-0.2,0.17321,-8,4
512,-0.15,0.17321,-6,4
513,-0.175,0.21651,-7,5
514,-0.225,0.21651,-9,5
515,-0.25,0.17321,-10,4
516,-0.225,0.1299,-9,3
517,-0.175,0.1299,-7,3
518,0.3,0.34641,12,8
519,0.35,0.34641,14,8
520,0.325,0.38971,13,9
521,0.275,0.38971,11,9
522,0.25,0.34641,10,8
523,0.275,0.30311,11,7
524,0.325,0.30311,13,7
525,-0.325,0.1299,-13,3
526,-0.275,0.1299,-11,3
527,-0.3,0.17321,-12,4
528,-0.35,0.17321,-14,4
529,-0.375,0.1299,-15,3
530,-0.35,0.0866,-14,2
531,-0.3,0.0866,-12,2
532,0.425,0.38971,17,9
533,0.475,0.38971,19,9
534,0.45,0.43301,18,10
535,0.4,0.43301,16,10
536,0.375,0.38971,15,9
537,0.4,0.34641,16,8
538,0.45,0.34641,18,8
539,-0.45,0.0866,-18,2
540,-0.4,0.0866,-16,2
541,-0.425,0.1299,-17,3
542,-0.475,0.1299,-19,3
543,-0.5,0.0866,-20,2
544,-0.475,0.0433,-19,1
545,-0.425,0.0433,-17,1
546,0.55,0.43301,22,10
547,0.6,0.43301,24,10
548,0.575,0.47631,23,11
549,0.525,0.47631,21,11
550,0.5,0.43301,20,10
551,0.525,0.38971,21,9
552,0.575,0.38971,23,9
553,-0.575,0.0433,-23,1
554,-0.525,0.0433,-21,1
555,-0.55,0.0866,-22,2
556,-0.6,0.0866,-24,2
557,-0.625,0.0433,-25,1
558,-0.6,0,-24,0
559,-0.55,0,-22,0
560,0.675,0.47631,27,11
561,0.725,0.47631,29,11
562,0.7,0.51962,28,12
563,0.65,0.51962,26,12
564,0.625,0.47631,25,11
565,0.65,0.43301,26,10
566,0.7,0.43301,28,10
567,-0.7,0,-28,0
568,-0.65,0,-26,0
569,-0.675,0.0433,-27,1
570,-0.725,0.0433,-29,1
571,-0.75,0,-30,0
572,-0.725,-0.0433,-29,-1
573,-0.675,-0.0433,-27,-1
574,0.8,0.51962,32,12
575,0.85,0.51962,34,12
576,0.825,0.56292,33,13
577,0.775,0.56292,31,13
578,0.75,0.51962,30,12
579,0.775,0.47631,31,11
580,0.825,0.47631,33,11
581,-0.825,-0.0433,-33,-1
582,-0.775,-0.0433,-31,-1
583,-0.8,0,-32,0
584,-0.85,0,-34,0
585,-0.875,-0.0433,-35,-1
586,-0.85,-0.0866,-34,-2
587,-0.8,-0.0866,-32,-2
588,0.925,0.56292,37,13
589,0.975,0.56292,39,13
590,0.95,0.60622,38,14
591,0.9,0.60622,36,14
592,0.875,0.56292,35,13
593,0.9,0.51962,36,12
594,0.95,0.51962,38,12
595,-0.95,-0.0866,-38,-2
596,-0.9,-0.0866,-36,-2
597,-0.925,-0.0433,-37,-1
598,-0.975,-0.0433,-39,-1
599,-1,-0.0866,-40,-2
600,-0.975,-0.1299,-39,-3
601,-0.925,-0.1299,-37,-3
602,-1.075,-0.1299,-43,-3
603,-1.025,-0.1299,-41,-3
604,-1.05,-0.0866,-42,-2
605,-1.1,-0.0866,-44,-2
606,-1.125,-0.1299,-45,-3
607,-1.1,-0.17321,-44,-4
608,-1.05,-0.17321,-42,-4
609,-0.075,-0.38971,-3,-9
610,-0.025,-0.38971,-1,-9
611,-0.05,-0.34641,-2,-8
612,-0.1,-0.34641,-4,-8
613,-0.125,-0.38971,-5,-9
614,-0.1,-0.43301,-4,-10
615,-0.05,-0.43301,-2,-10
616,-0.2,-0.43301,-8,-10
617,-0.15,-0.43301,-6,-10
618,-0.175,-0.38971,-7,-9
619,-0.225,-0.38971,-9,-9
620,-0.25,-0.43301,-10,-10
621,-0.225,-0.47631,-9,-11
622,-0.175,-0.47631,-7,-11
623,0.05,-0.34641,2,-8
624,0.1,-0.34641,4,-8
625,0.075,-0.30311,3,-7
626,0.025,-0.30311,1,-7
627,0,-0.34641,0,-8
628,0.025,-0.38971,1,-9
629,0.075,-0.38971,3,-9
630,-0.325,-0.47631,-13,-11
631,-0.275,-0.47631,-11,-11
632,-0.3,-0.43301,-12,-10
633,-0.35,-0.43301,-14,-10
634,-0.375,-0.47631,-15,-11
635,-0.35,-0.51962,-14,-12
636,-0.3,-0.51962,-12,-12
637,0.175,-0.30311,7,-7
638,0.225,-0.30311,9,-7
639,0.2,-0.25981,8,-6
640,0.15,-0.25981,6,-6
641,0.125,-0.30311,5,-7
642,0.15,-0.34641,6,-8
643,0.2,-0.34641,8,-8
644,-0.45,-0.51962,-18,-12
645,-0.4,-0.51962,-16,-12
646,-0.425,-0.47631,-17,-11
647,-0.475,-0.47631,-19,-11
648,-0.5,-0.51962,-20,-12
649,-0.475,-0.56292,-19,-13
650,-0.425,-0.56292,-17,-13
651,0.3,-0.25981,12,-6
652,0.35,-0.25981,14,-6
653,0.325,-0.21651,13,-5
654,0.275,-0.21651,11,-5
655,0.25,-0.25981,10,-6
656,0.275,-0.30311,11,-7
657,0.325,-0.30311,13,-7
658,-0.575,-0.56292,-23,-13
659,-0.525,-0.56292,-21,-13
660,-0.55,-0.51962,-22,-12
661,-0.6,-0.51962,-24,-12
662,-0.625,-0.56292,-25,-13
663,-0.6,-0.60622,-24,-14
664,-0.55,-0.60622,-22,-14
665,0.425,-0.21651,17,-5
666,0.475,-0.21651,19,-5
667,0.45,-0.17321,18,-4
668,0.4,-0.17321,16,-4
669,0.375,-0.21651,15,-5
670,0.4,-0.25981,16,-6
671,0.45,-0.25981,18,-6
672,-0.7,-0.60622,-28,-14
673,-0.65,-0.60622,-26,-14
674,-0.675,-0.56292,-27,-13
675,-0.725,-0.56292,-29,-13
676,-0.75,-0.60622,-30,-14
677,-0.725,-0.64952,-29,-15
678,-0.675,-0.64952,-27,-15
679,0.55,-0.17321,22,-4
680,0.6,-0.17321,24,-4
681,0.575,-0.1299,23,-3
682,0.525,-0.1299,21,-3
683,0.5,-0.17321,20,-4
684,0.525,-0.21651,21,-5
685,0.575,-0.21651,23,-5
686,-0.825,-0.64952,-33,-15
687,-0.775,-0.64952,-31,-15
688,-0.8,-0.60622,-32,-14
689,-0.85,-0.60622,-34,-14
690,-0.875,-0.64952,-35,-15
691,-0.85,-0.69282,-34,-16
692,-0.8,-0.69282,-32,-16
693,0.675,-0.1299,27,-3
694,0.725,-0.1299,29,-3
695,0.7,-0.0866,28,-2
696,0.65,-0.0866,26,-2
697,0.625,-0.1299,25,-3
698,0.65,-0.17321,26,-4
699,0.7,-0.17321,28,-4
700,0.8,-0.0866,32,-2
701,0.85,-0.0866,34,-2
702,0.825,-0.0433,33,-1
703,0.775,-0.0433,31,-1
704,0.75,-0.0866,30,-2
705,0.775,-0.1299,31,-3
706,0.825,-0.1299,33,-3
707,0.925,-0.0433,37,-1
708,0.975,-0.0433,39,-1
709,0.95,0,38,0
710,0.9,0,36,0
711,0.875,-0.0433,35,-1
712,0.9,-0.0866,36,-2
713,0.95,-0.0866,38,-2
714,1.05,0,42,0
715,1.1,0,44,0
716,1.075,0.0433,43,1
717,1.025,0.0433,41,1
718,1,0,40,0
719,1.025,-0.0433,41,-1
720,1.075,-0.0433,43,-1
721,0.075,0.38971,3,9
722,0.125,0.38971,5,9
723,0.1,0.43301,4,10
724,0.05,0.43301,2,10
725,0.025,0.38971,1,9
726,0.05,0.34641,2,8
727,0.1,0.34641,4,8
728,-0.05,0.34641,-2,8
729,0,0.34641,0,8
730,-0.025,0.38971,-1,9
731,-0.075,0.38971,-3,9
732,-0.1,0.34641,-4,8
733,-0.075,0.30311,-3,7
734,-0.025,0.30311,-1,7
735,0.2,0.43301,8,10
736,0.25,0.43301,10,10
737,0.225,0.47631,9,11
738,0.175,0.47631,7,11
739,0.15,0.43301,6,10
740,0.175,0.38971,7,9
741,0.225,0.38971,9,9
742,-0.175,0.30311,-7,7
743,-0.125,0.30311,-5,7
744,-0.15,0.34641,-6,8
745,-0.2,0.34641,-8,8
746,-0.225,0.30311,-9,7
747,-0.2,0.25981,-8,6
748,-0.15,0.25981,-6,6
749,0.325,0.47631,13,11
750,0.375,0.47631,15,11
751,0.35,0.51962,14,12
752,0.3,0.51962,12,12
753,0.275,0.47631,11,11
754,0.3,0.43301,12,10
755,0.35,0.43301,14,10
756,-0.3,0.25981,-12,6
757,-0.25,0.25981,-10,6
758,-0.275,0.30311,-11,7
759,-0.325,0.30311,-13,7
760,-0.35,0.25981,-14,6
761,-0.325,0.21651,-13,5
762,-0.275,0.21651,-11,5
763,0.45,0.51962,18,12
764,0.5,0.51962,20,12
765,0.475,0.56292,19,13
766,0.425,0.56292,17,13
767,0.4,0.51962,16,12
768,0.425,0.47631,17,11
769,0.475,0.47631,19,11
770,-0.425,0.21651,-17,5
771,-0.375,0.21651,-15,5
772,-0.4,0.25981,-16,6
773,-0.45,0.25981,-18,6
774,-0.475,0.21651,-19,5
775,-0.45,0.17321,-18,4
776,-0.4,0.17321,-16,4
777,0.575,0.56292,23,13
778,0.625,0.56292,25,13
779,0.6,0.60622,24,14
780,0.55,0.60622,22,14
781,0.525,0.56292,21,13
782,0.55,0.51962,22,12
783,0.6,0.51962,24,12
784,-0.55,0.17321,-22,4
785,-0.5,0.17321,-20,4
786,-0.525,0.21651,-21,5
787,-0.575,0.21651,-23,5
788,-0.6,0.17321,-24,4
789,-0.575,0.1299,-23,3
790,-0.525,0.1299,-21,3
791,0.7,0.60622,28,14
792,0.75,0.60622,30,14
793,0.725,0.64952,29,15
794,0.675,0.64952,27,15
795,0.65,0.60622,26,14
796,0.675,0.56292,27,13
797,0.725,0.56292,29,13
798,-0.675,0.1299,-27,3
799,-0.625,0.1299,-25,3
800,-0.65,0.17321,-26,4
801,-0.7,0.17321,-28,4
802,-0.725,0.1299,-29,3
803,-0.7,0.0866,-28,2
804,-0.65,0.0866,-26,2
805,0.825,0.64952,33,15
806,0.875,0.64952,35,15
807,0.85,0.69282,34,16
808,0.8,0.69282,32,16
809,0.775,0.64952,31,15
810,0.8,0.60622,32,14
811,0.85,0.60622,34,14
812,-0.8,0.0866,-32,2
813,-0.75,0.0866,-30,2
814,-0.775,0.1299,-31,3
815,-0.825,0.1299,-33,3
816,-0.85,0.0866,-34,2
817,-0.825,0.0433,-33,1
818,-0.775,0.0433,-31,1
819,-0.925,0.0433,-37,1
820,-0.875,0.0433,-35,1
821,-0.9,0.0866,-36,2
822,-0.95,0.0866,-38,2
823,-0.975,0.0433,-39,1
824,-0.95,0,-38,0
825,-0.9,0,-36,0
826,-1.05,0,-42,0
827,-1,0,-40,0
828,-1.025,0.0433,-41,1
829,-1.075,0.0433,-43,1
830,-1.1,0,-44,0
831,-1.075,-0.0433,-43,-1
832,-1.025,-0.0433,-41,-1
833,-0.1,-0.51962,-4,-12
834,-0.05,-0.51962,-2,-12
835,-0.075,-0.47631,-3,-11
836,-0.125,-0.47631,-5,-11
837,-0.15,-0.51962,-6,-12
838,-0.125,-0.56292,-5,-13
839,-0.075,-0.56292,-3,-13
840,-0.225,-0.56292,-9,-13
841,-0.175,-0.56292,-7,-13
842,-0.2,-0.51962,-8,-12
843,-0.25,-0.51962,-10,-12
844,-0.275,-0.56292,-11,-13
845,-0.25,-0.60622,-10,-14
846,-0.2,-0.60622,-8,-14
847,0.025,-0.47631,1,-11
848,0.075,-0.47631,3,-11
849,0.05,-0.43301,2,-10
850,0,-0.43301,0,-10
851,-0.025,-0.47631,-1,-11
852,0,-0.51962,0,-12
853,0.05,-0.51962,2,-12
854,-0.35,-0.60622,-14,-14
855,-0.3,-0.60622,-12,-14
856,-0.325,-0.56292,-13,-13
857,-0.375,-0.56292,-15,-13
858,-0.4,-0.60622,-16,-14
859,-0.375,-0.64952,-15,-15
860,-0.325,-0.64952,-13,-15
861,0.15,-0.43301,6,-10
862,0.2,-0.43301,8,-10
863,0.175,-0.38971,7,-9
864,0.125,-0.38971,5,-9
865,0.1,-0.43301,4,-10
866,0.125,-0.47631,5,-11
867,0.175,-0.47631,7,-11
868,-0.475,-0.64952,-19,-15
869,-0.425,-0.64952,-17,-15
870,-0.45,-0.60622,-18,-14
871,-0.5,-0.60622,-20,-14
872,-0.525,-0.64952,-21,-15
873,-0.5,-0.69282,-20,-16
874,-0.45,-0.69282,-18,-16
875,0.275,-0.38971,11,-9
876,0.325,-0.38971,13,-9
877,0.3,-0.34641,12,-8
878,0.25,-0.34641,10,-8
879,0.225,-0.38971,9,-9
880,0.25,-0.43301,10,-10
881,0.3,-0.43301,12,-10
882,-0.6,-0.69282,-24,-16
883,-0.55,-0.69282,-22,-16
884,-0.575,-0.64952,-23,-15
885,-0.625,-0.64952,-25,-15
886,-0.65,-0.69282,-26,-16
887,-0.625,-0.73612,-25,-17
888,-0.575,-0.73612,-23,-17
889,0.4,-0.34641,16,-8
890,0.45,-0.34641,18,-8
891,0.425,-0.30311,17,-7
892,0.375,-0.30311,15,-7
893,0.35,-0.34641,14,-8
894,0.375,-0.38971,15,-9
895,0.425,-0.38971,17,-9
896,-0.725,-0.73612,-29,-17
897,-0.675,-0.73612,-27,-17
898,-0.7,-0.69282,-28,-16
899,-0.75,-0.69282,-30,-16
900,-0.775,-0.73612,-31,-17
901,-0.75,-0.77942,-30,-18
902,-0.7,-0.77942,-28,-18
903,0.525,-0.30311,21,-7
904,0.575,-0.30311,23,-7
905,0.55,-0.25981,22,-6
906,0.5,-0.25981,20,-6
907,0.475,-0.30311,19,-7
908,0.5,-0.34641,20,-8
909,0.55,-0.34641,22,-8
910,0.65,-0.25981,26,-6
911,0.7,-0.25981,28,-6
912,0.675,-0.21651,27,-5
913,0.625,-0.21651,25,-5
914,0.6,-0.25981,24,-6
915,0.625,-0.30311,25,-7
916,0.675,-0.30311,27,-7
917,0.775,-0.21651,31,-5
918,0.825,-0.21651,33,-5
919,0.8,-0.17321,32,-4
920,0.75,-0.17321,30,-4
921,0.725,-0.21651,29,-5
922,0.75,-0.25981,30,-6
923,0.8,-0.25981,32,-6
924,0.9,-0.17321,36,-4
925,0.95,-0.17321,38,-4
926,0.925,-0.1299,37,-3
927,0.875,-0.1299,35,-3
928,0.85,-0.17321,34,-4
929,0.875,-0.21651,35,-5
930,0.925,-0.21651,37,-5
931,1.025,-0.1299,41,-3
932,1.075,-0.1299,43,-3
933,1.05,-0.0866,42,-2
934,1,-0.0866,40,-2
935,0.975,-0.1299,39,-3
936,1,-0.17321,40,-4
937,1.05,-0.17321,42,-4
938,0.1,0.51962,4,12
939,0.15,0.51962,6,12
940,0.125,0.56292,5,13
941,0.075,0.56292,3,13
942,0.05,0.51962,2,12
943,0.075,0.47631,3,11
944,0.125,0.47631,5,11
945,-0.025,0.47631,-1,11
946,0.025,0.47631,1,11
947,0,0.51962,0,12
948,-0.05,0.51962,-2,12
949,-0.075,0.47631,-3,11
950,-0.05,0.43301,-2,10
951,0,0.43301,0,10
952,0.225,0.56292,9,13
953,0.275,0.56292,11,13
954,0.25,0.60622,10,14
955,0.2,0.60622,8,14
956,0.175,0.56292,7,13
957,0.2,0.51962,8,12
958,0.25,0.51962,10,12
959,-0.15,0.43301,-6,10
960,-0.1,0.43301,-4,10
961,-0.125,0.47631,-5,11
962,-0.175,0.47631,-7,11
963,-0.2,0.43301,-8,10
964,-0.175,0.38971,-7,9
965,-0.125,0.38971,-5,9
966,0.35,0.60622,14,14
967,0.4,0.60622,16,14
968,0.375,0.64952,15,15
969,0.325,0.64952,13,15
970,0.3,0.60622,12,14
971,0.325,0.56292,13,13
972,0.375,0.56292,15,13
973,-0.275,0.38971,-11,9
974,-0.225,0.38971,-9,9
975,-0.25,0.43301,-10,10
976,-0.3,0.43301,-12,10
977,-0.325,0.38971,-13,9
978,-0.3,0.34641,-12,8
979,-0.25,0.34641,-10,8
980,0.475,0.64952,19,15
981,0.525,0.64952,21,15
982,0.5,0.69282,20,16
983,0.45,0.69282,18,16
984,0.425,0.64952,17,15
985,0.45,0.60622,18,14
986,0.5,0.60622,20,14
987,-0.4,0.34641,-16,8
988,-0.35,0.34641,-14,8
989,-0.375,0.38971,-15,9
990,-0.425,0.38971,-17,9
991,-0.45,0.34641,-18,8
992,-0.425,0.30311,-17,7
993,-0.375,0.30311,-15,7
994,0.6,0.69282,24,16
995,0.65,0.69282,26,16
996,0.625,0.73612,25,17
997,0.575,0.73612,23,17
998,0.55,0.69282,22,16
999,0.575,0.64952,23,15
1000,0.625,0.64952,25,15
1001,-0.525,0.30311,-21,7
1002,-0.475,0.30311,-19,7
1003,-0.5,0.34641,-20,8
1004,-0.55,0.34641,-22,8
1005,-0.575,0.30311,-23,7
1006,-0.55,0.25981,-22,6
1007,-0.5,0.25981,-20,6
1008,0.725,0.73612,29,17
1009,0.775,0.73612,31,17
1010,0.75,0.77942,30,18
1011,0.7,0.77942,28,18
1012,0.675,0.73612,27,17
1013,0.7,0.69282,28,16
1014,0.75,0.69282,30,16
1015,-0.65,0.25981,-26,6
1016,-0.6,0.25981,-24,6
1017,-0.625,0.30311,-25,7
1018,-0.675,0.30311,-27,7
1019,-0.7,0.25981,-28,6
1020,-0.675,0.21651,-27,5
1021,-0.625,0.21651,-25,5
1022,-0.775,0.21651,-31,5
1023,-0.725,0.21651,-29,5
1024,-0.75,0.25981,-30,6
1025,-0.8,0.25981,-32,6
1026,-0.825,0.21651,-33,5
1027,-0.8,0.17321,-32,4
1028,-0.75,0.17321,-30,4
1029,-0.9,0.17321,-36,4
1030,-0.85,0.17321,-34,4
1031,-0.875,0.21651,-35,5
1032,-0.925,0.21651,-37,5
1033,-0.95,0.17321,-38,4
1034,-0.925,0.1299,-37,3
1035,-0.875,0.1299,-35,3
1036,-1.025,0.1299,-41,3
1037,-0.975,0.1299,-39,3
1038,-1,0.17321,-40,4
1039,-1.05,0.17321,-42,4
1040,-1.075,0.1299,-43,3
1041,-1.05,0.0866,-42,2
1042,-1,0.0866,-40,2
1043,-0.125,-0.64952,-5,-15
1044,-0.075,-0.64952,-3,-15
1045,-0.1,-0.60622,-4,-14
1046,-0.15,-0.60622,-6,-14
1047,-0.175,-0.64952,-7,-15
1048,-0.15,-0.69282,-6,-16
1049,-0.1,-0.69282,-4,-16
1050,-0.25,-0.69282,-10,-16
1051,-0.2,-0.69282,-8,-16
1052,-0.225,-0.64952,-9,-15
1053,-0.275,-0.64952,-11,-15
1054,-0.3,-0.69282,-12,-16
1055,-0.275,-0.73612,-11,-17
1056,-0.225,-0.73612,-9,-17
1057,0,-0.60622,0,-14
1058,0.05,-0.60622,2,-14
1059,0.025,-0.56292,1,-13
1060,-0.025,-0.56292,-1,-13
1061,-0.05,-0.60622,-2,-14
1062,-0.025,-0.64952,-1,-15
1063,0.025,-0.64952,1,-15
1064,-0.375,-0.73612,-15,-17
1065,-0.325,-0.73612,-13,-17
1066,-0.35,-0.69282,-14,-16
1067,-0.4,-0.69282,-16,-16
1068,-0.425,-0.73612,-17,-17
1069,-0.4,-0.77942,-16,-18
1070,-0.35,-0.77942,-14,-18
1071,0.125,-0.56292,5,-13
1072,0.175,-0.56292,7,-13
1073,0.15,-0.51962,6,-12
1074,0.1,-0.51962,4,-12
1075,0.075,-0.56292,3,-13
1076,0.1,-0.60622,4,-14
1077,0.15,-0.60622,6,-14
1078,-0.5,-0.77942,-20,-18
1079,-0.45,-0.77942,-18,-18
1080,-0.475,-0.73612,-19,-17
1081,-0.525,-0.73612,-21,-17
1082,-0.55,-0.77942,-22,-18
1083,-0.525,-0.82272,-21,-19
1084,-0.475,-0.82272,-19,-19
1085,0.25,-0.51962,10,-12
1086,0.3,-0.51962,12,-12
1087,0.275,-0.47631,11,-11
1088,0.225,-0.47631,9,-11
1089,0.2,-0.51962,8,-12
1090,0.225,-0.56292,9,-13
1091,0.275,-0.56292,11,-13
1092,-0.625,-0.82272,-25,-19
1093,-0.575,-0.82272,-23,-19
1094,-0.6,-0.77942,-24,-18
1095,-0.65,-0.77942,-26,-18
1096,-0.675,-0.82272,-27,-19
1097,-0.65,-0.86603,-26,-20
1098,-0.6,-0.86603,-24,-20
1099,0.375,-0.47631,15,-11
1100,0.425,-0.47631,17,-11
1101,0.4,-0.43301,16,-10
1102,0.35,-0.43301,14,-10
1103,0.325,-0.47631,13,-11
1104,0.35,-0.51962,14,-12
1105,0.4,-0.51962,16,-12
1106,0.5,-0.43301,20,-10
1107,0.55,-0.43301,22,-10
1108,0.525,-0.38971,21,-9
1109,0.475,-0.38971,19,-9
1110,0.45,-0.43301,18,-10
1111,0.475,-0.47631,19,-11
1112,0.525,-0.47631,21,-11
1113,0.625,-0.38971,25,-9
1114,0.675,-0.38971,27,-9
1115,0.65,-0.34641,26,-8
1116,0.6,-0.34641,24,-8
1117,0.575,-0.38971,23,-9
1118,0.6,-0.43301,24,-10
1119,0.65,-0.43301,26,-10
1120,0.75,-0.34641,30,-8
1121,0.8,-0.34641,32,-8
1122,0.775,-0.30311,31,-7
1123,0.725,-0.30311,29,-7
1124,0.7,-0.34641,28,-8
1125,0.725,-0.38971,29,-9
1126,0.775,-0.38971,31,-9
1127,0.875,-0.30311,35,-7
1128,0.925,-0.30311,37,-7
1129,0.9,-0.25981,36,-6
1130,0.85,-0.25981,34,-6
1131,0.825,-0.30311,33,-7
1132,0.85,-0.34641,34,-8
1133,0.9,-0.34641,36,-8
1134,1,-0.25981,40,-6
1135,1.05,-0.25981,42,-6
1136,1.025,-0.21651,41,-5
1137,0.975,-0.21651,39,-5
1138,0.95,-0.25981,38,-6
1139,0.975,-0.30311,39,-7
1140,1.025,-0.30311,41,-7
1141,0.125,0.64952,5,15
1142,0.175,0.64952,7,15
1143,0.15,0.69282,6,16
1144,0.1,0.69282,4,16
1145,0.075,0.64952,3,15
1146,0.1,0.60622,4,14
1147,0.15,0.60622,6,14
1148,0,0.60622,0,14
1149,0.05,0.60622,2,14
1150,0.025,0.64952,1,15
1151,-0.025,0.64952,-1,15
1152,-0.05,0.60622,-2,14
1153,-0.025,0.56292,-1,13
1154,0.025,0.56292,1,13
1155,0.25,0.69282,10,16
1156,0.3,0.69282,12,16
1157,0.275,0.73612,11,17
1158,0.225,0.73612,9,17
1159,0.2,0.69282,8,16
1160,0.225,0.64952,9,15
1161,0.275,0.64952,11,15
1162,-0.125,0.56292,-5,13
1163,-0.075,0.56292,-3,13
1164,-0.1,0.60622,-4,14
1165,-0.15,0.60622,-6,14
1166,-0.175,0.56292,-7,13
1167,-0.15,0.51962,-6,12
1168,-0.1,0.51962,-4,12
1169,0.375,0.73612,15,17
1170,0.425,0.73612,17,17
1171,0.4,0.77942,16,18
1172,0.35,0.77942,14,18
1173,0.325,0.73612,13,17
1174,0.35,0.69282,14,16
1175,0.4,0.69282,16,16
1176,-0.25,0.51962,-10,12
1177,-0.2,0.51962,-8,12
1178,-0.225,0.56292,-9,13
1179,-0.275,0.56292,-11,13
1180,-0.3,0.51962,-12,12
1181,-0.275,0.47631,-11,11
1182,-0.225,0.47631,-9,11
1183,0.5,0.77942,20,18
1184,0.55,0.77942,22,18
1185,0.525,0.82272,21,19
1186,0.475,0.82272,19,19
1187,0.45,0.77942,18,18
1188,0.475,0.73612,19,17
1189,0.525,0.73612,21,17
1190,-0.375,0.47631,-15,11
1191,-0.325,0.47631,-13,11
1192,-0.35,0.51962,-14,12
1193,-0.4,0.51962,-16,12
1194,-0.425,0.47631,-17,11
1195,-0.4,0.43301,-16,10
1196,-0.35,0.43301,-14,10
1197,0.625,0.82272,25,19
1198,0.675,0.82272,27,19
1199,0.65,0.86603,26,20
1200,0.6,0.86603,24,20
1201,0.575,0.82272,23,19
1202,0.6,0.77942,24,18
1203,0.65,0.77942,26,18
1204,-0.5,0.43301,-20,10
1205,-0.45,0.43301,-18,10
1206,-0.475,0.47631,-19,11
1207,-0.525,0.47631,-21,11
1208,-0.55,0.43301,-22,10
1209,-0.525,0.38971,-21,9
1210,-0.475,0.38971,-19,9
1211,-0.625,0.38971,-25,9
1212,-0.575,0.38971,-23,9
1213,-0.6,0.43301,-24,10
1214,-0.65,0.43301,-26,10
1215,-0.675,0.38971,-27,9
1216,-0.65,0.34641,-26,8
1217,-0.6,0.34641,-24,8
1218,-0.75,0.34641,-30,8
1219,-0.7,0.34641,-28,8
1220,-0.725,0.38971,-29,9
1221,-0.775,0.38971,-31,9
1222,-0.8,0.34641,-32,8
1223,-0.775,0.30311,-31,7
1224,-0.725,0.30311,-29,7
1225,-0.875,0.30311,-35,7
1226,-0.825,0.30311,-33,7
1227,-0.85,0.34641,-34,8
1228,-0.9,0.34641,-36,8
1229,-0.925,0.30311,-37,7
1230,-0.9,0.25981,-36,6
1231,-0.85,0.25981,-34,6
1232,-1,0.25981,-40,6
1233,-0.95,0.25981,-38,6
1234,-0.975,0.30311,-39,7
1235,-1.025,0.30311,-41,7
1236,-1.05,0.25981,-42,6
1237,-1.025,0.21651,-41,5
1238,-0.975,0.21651,-39,5
1239,-0.15,-0.77942,-6,-18
1240,-0.1,-0.77942,-4,-18
1241,-0.125,-0.73612,-5,-17
1242,-0.175,-0.73612,-7,-17
1243,-0.2,-0.77942,-8,-18
1244,-0.175,-0.82272,-7,-19
1245,-0.125,-0.82272,-5,-19
1246,-0.275,-0.82272,-11,-19
1247,-0.225,-0.82272,-9,-19
1248,-0.25,-0.77942,-10,-18
1249,-0.3,-0.77942,-12,-18
1250,-0.325,-0.82272,-13,-19
1251,-0.3,-0.86603,-12,-20
1252,-0.25,-0.86603,-10,-20
1253,-0.025,-0.73612,-1,-17
1254,0.025,-0.73612,1,-17
1255,0,-0.69282,0,-16
1256,-0.05,-0.69282,-2,-16
1257,-0.075,-0.73612,-3,-17
1258,-0.05,-0.77942,-2,-18
1259,0,-0.77942,0,-18
1260,-0.4,-0.86603,-16,-20
1261,-0.35,-0.86603,-14,-20
1262,-0.375,-0.82272,-15,-19
1263,-0.425,-0.82272,-17,-19
1264,-0.45,-0.86603,-18,-20
1265,-0.425,-0.90933,-17,-21
1266,-0.375,-0.90933,-15,-21
1267,0.1,-0.69282,4,-16
1268,0.15,-0.69282,6,-16
1269,0.125,-0.64952,5,-15
1270,0.075,-0.64952,3,-15
1271,0.05,-0.69282,2,-16
1272,0.075,-0.73612,3,-17
1273,0.125,-0.73612,5,-17
1274,-0.525,-0.90933,-21,-21
1275,-0.475,-0.90933,-19,-21
1276,-0.5,-0.86603,-20,-20
1277,-0.55,-0.86603,-22,-20
1278,-0.575,-0.90933,-23,-21
1279,-0.55,-0.95263,-22,-22
1280,-0.5,-0.95263,-20,-22
1281,0.225,-0.64952,9,-15
1282,0.275,-0.64952,11,-15
1283,0.25,-0.60622,10,-14
1284,0.2,-0.60622,8,-14
1285,0.175,-0.64952,7,-15
1286,0.2,-0.69282,8,-16
1287,0.25,-0.69282,10,-16
1288,0.35,-0.60622,14,-14
1289,0.4,-0.60622,16,-14
1290,0.375,-0.56292,15,-13
1291,0.325,-0.56292,13,-13
1292,0.3,-0.60622,12,-14
1293,0.325,-0.64952,13,-15
1294,0.375,-0.64952,15,-15
1295,0.475,-0.56292,19,-13
1296,0.525,-0.56292,21,-13
1297,0.5,-0.51962,20,-12
1298,0.45,-0.51962,18,-12
1299,0.425,-0.56292,17,-13
1300,0.45,-0.60622,18,-14
1301,0.5,-0.60622,20,-14
1302,0.6,-0.51962,24,-12
1303,0.65,-0.51962,26,-12
1304,0.625,-0.47631,25,-11
1305,0.575,-0.47631,23,-11
1306,0.55,-0.51962,22,-12
1307,0.575,-0.56292,23,-13
1308,0.625,-0.56292,25,-13
1309,0.725,-0.47631,29,-11
1310,0.775,-0.47631,31,-11
1311,0.75,-0.43301,30,-10
1312,0.7,-0.43301,28,-10
1313,0.675,-0.47631,27,-11
1314,0.7,-0.51962,28,-12
1315,0.75,-0.51962,30,-12
1316,0.85,-0.43301,34,-10
1317,0.9,-0.43301,36,-10
1318,0.875,-0.38971,35,-9
1319,0.825,-0.38971,33,-9
1320,0.8,-0.43301,32,-10
1321,0.825,-0.47631,33,-11
1322,0.875,-0.47631,35,-11
1323,0.975,-0.38971,39,-9
1324,1.025,-0.38971,41,-9
1325,1,-0.34641,40,-8
1326,0.95,-0.34641,38,-8
1327,0.925,-0.38971,37,-9
1328,0.95,-0.43301,38,-10
1329,1,-0.43301,40,-10
1330,0.15,0.77942,6,18
1331,0.2,0.77942,8,18
1332,0.175,0.82272,7,19
1333,0.125,0.82272,5,19
1334,0.1,0.77942,4,18
1335,0.125,0.73612,5,17
1336,0.175,0.73612,7,17
1337,0.025,0.73612,1,17
1338,0.075,0.73612,3,17
1339,0.05,0.77942,2,18
1340,0,0.77942,0,18
1341,-0.025,0.73612,-1,17
1342,0,0.69282,0,16
1343,0.05,0.69282,2,16
1344,0.275,0.82272,11,19
1345,0.325,0.82272,13,19
1346,0.3,0.86603,12,20
1347,0.25,0.86603,10,20
1348,0.225,0.82272,9,19
1349,0.25,0.77942,10,18
1350,0.3,0.77942,12,18
1351,-0.1,0.69282,-4,16
1352,-0.05,0.69282,-2,16
1353,-0.075,0.73612,-3,17
1354,-0.125,0.73612,-5,17
1355,-0.15,0.69282,-6,16
1356,-0.125,0.64952,-5,15
1357,-0.075,0.64952,-3,15
1358,0.4,0.86603,16,20
1359,0.45,0.86603,18,20
1360,0.425,0.90933,17,21
1361,0.375,0.90933,15,21
1362,0.35,0.86603,14,20
1363,0.375,0.82272,15,19
1364,0.425,0.82272,17,19
1365,-0.225,0.64952,-9,15
1366,-0.175,0.64952,-7,15
1367,-0.2,0.69282,-8,16
1368,-0.25,0.69282,-10,16
1369,-0.275,0.64952,-11,15
1370,-0.25,0.60622,-10,14
1371,-0.2,0.60622,-8,14
1372,0.525,0.90933,21,21
1373,0.575,0.90933,23,21
1374,0.55,0.95263,22,22
1375,0.5,0.95263,20,22
1376,0.475,0.90933,19,21
1377,0.5,0.86603,20,20
1378,0.55,0.86603,22,20
1379,-0.35,0.60622,-14,14
1380,-0.3,0.60622,-12,14
1381,-0.325,0.64952,-13,15
1382,-0.375,0.64952,-15,15
1383,-0.4,0.60622,-16,14
1384,-0.375,0.56292,-15,13
1385,-0.325,0.56292,-13,13
1386,-0.475,0.56292,-19,13
1387,-0.425,0.56292,-17,13
1388,-0.45,0.60622,-18,14
1389,-0.5,0.60622,-20,14
1390,-0.525,0.56292,-21,13
1391,-0.5,0.51962,-20,12
1392,-0.45,0.51962,-18,12
1393,-0.6,0.51962,-24,12
1394,-0.55,0.51962,-22,12
1395,-0.575,0.56292,-23,13
1396,-0.625,0.56292,-25,13
1397,-0.65,0.51962,-26,12
1398,-0.625,0.47631,-25,11
1399,-0.575,0.47631,-23,11
1400,-0.725,0.47631,-29,11
1401,-0.675,0.47631,-27,11
1402,-0.7,0.51962,-28,12
1403,-0.75,0.51962,-30,12
1404,-0.775,0.47631,-31,11
1405,-0.75,0.43301,-30,10
1406,-0.7,0.43301,-28,10
1407,-0.85,0.43301,-34,10
1408,-0.8,0.43301,-32,10
1409,-0.825,0.47631,-33,11
1410,-0.875,0.47631,-35,11
1411,-0.9,0.43301,-36,10
1412,-0.875,0.38971,-35,9
1413,-0.825,0.38971,-33,9
1414,-0.975,0.38971,-39,9
1415,-0.925,0.38971,-37,9
1416,-0.95,0.43301,-38,10
1417,-1,0.43301,-40,10
1418,-1.025,0.38971,-41,9
1419,-1,0.34641,-40,8
1420,-0.95,0.34641,-38,8
1421,-0.175,-0.90933,-7,-21
1422,-0.125,-0.90933,-5,-21
1423,-0.15,-0.86603,-6,-20
1424,-0.2,-0.86603,-8,-20
1425,-0.225,-0.90933,-9,-21
1426,-0.2,-0.95263,-8,-22
1427,-0.15,-0.95263,-6,-22
1428,-0.3,-0.95263,-12,-22
1429,-0.25,-0.95263,-10,-22
1430,-0.275,-0.90933,-11,-21
1431,-0.325,-0.90933,-13,-21
1432,-0.35,-0.95263,-14,-22
1433,-0.325,-0.99593,-13,-23
1434,-0.275,-0.99593,-11,-23
1435,-0.05,-0.86603,-2,-20
1436,0,-0.86603,0,-20
1437,-0.025,-0.82272,-1,-19
1438,-0.075,-0.82272,-3,-19
1439,-0.1,-0.86603,-4,-20
1440,-0.075,-0.90933,-3,-21
1441,-0.025,-0.90933,-1,-21
1442,-0.425,-0.99593,-17,-23
1443,-0.375,-0.99593,-15,-23
1444,-0.4,-0.95263,-16,-22
1445,-0.45,-0.95263,-18,-22
1446,-0.475,-0.99593,-19,-23
1447,-0.45,-1.03923,-18,-24
1448,-0.4,-1.03923,-16,-24
1449,0.075,-0.82272,3,-19
1450,0.125,-0.82272,5,-19
1451,0.1,-0.77942,4,-18
1452,0.05,-0.77942,2,-18
1453,0.025,-0.82272,1,-19
1454,0.05,-0.86603,2,-20
1455,0.1,-0.86603,4,-20
1456,0.2,-0.77942,8,-18
1457,0.25,-0.77942,10,-18
1458,0.225,-0.73612,9,-17
1459,0.175,-0.73612,7,-17
1460,0.15,-0.77942,6,-18
1461,0.175,-0.82272,7,-19
1462,0.225,-0.82272,9,-19
1463,0.325,-0.73612,13,-17
1464,0.375,-0.73612,15,-17
1465,0.35,-0.69282,14,-16
1466,0.3,-0.69282,12,-16
1467,0.275,-0.73612,11,-17
1468,0.3,-0.77942,12,-18
1469,0.35,-0.77942,14,-18
1470,0.45,-0.69282,18,-16
1471,0.5,-0.69282,20,-16
1472,0.475,-0.64952,19,-15
1473,0.425,-0.64952,17,-15
1474,0.4,-0.69282,16,-16
1475,0.425,-0.73612,17,-17
1476,0.475,-0.73612,19,-17
1477,0.575,-0.64952,23,-15
1478,0.625,-0.64952,25,-15
1479,0.6,-0.60622,24,-14
1480,0.55,-0.60622,22,-14
1481,0.525,-0.64952,21,-15
1482,0.55,-0.69282,22,-16
1483,0.6,-0.69282,24,-16
1484,0.7,-0.60622,28,-14
1485,0.75,-0.60622,30,-14
1486,0.725,-0.56292,29,-13
1487,0.675,-0.56292,27,-13
1488,0.65,-0.60622,26,-14
1489,0.675,-0.64952,27,-15
1490,0.725,-0.64952,29,-15
1491,0.825,-0.56292,33,-13
1492,0.875,-0.56292,35,-13
1493,0.85,-0.51962,34,-12
1494,0.8,-0.51962,32,-12
1495,0.775,-0.56292,31,-13
1496,0.8,-0.60622,32,-14
1497,0.85,-0.60622,34,-14
1498,0.95,-0.51962,38,-12
1499,1,-0.51962,40,-12
1500,0.975,-0.47631,39,-11
1501,0.925,-0.47631,37,-11
1502,0.9,-0.51962,36,-12
1503,0.925,-0.56292,37,-13
1504,0.975,-0.56292,39,-13
1505,0.175,0.90933,7,21
1506,0.225,0.90933,9,21
1507,0.2,0.95263,8,22
1508,0.15,0.95263,6,22
1509,0.125,0.90933,5,21
1510,0.15,0.86603,6,20
1511,0.2,0.86603,8,20
1512,0.05,0.86603,2,20
1513,0.1,0.86603,4,20
1514,0.075,0.90933,3,21
1515,0.025,0.90933,1,21
1516,0,0.86603,0,20
1517,0.025,0.82272,1,19
1518,0.075,0.82272,3,19
1519,0.3,0.95263,12,22
1520,0.35,0.95263,14,22
1521,0.325,0.99593,13,23
1522,0.275,0.99593,11,23
1523,0.25,0.95263,10,22
1524,0.275,0.90933,11,21
1525,0.325,0.90933,13,21
1526,-0.075,0.82272,-3,19
1527,-0.025,0.82272,-1,19
1528,-0.05,0.86603,-2,20
1529,-0.1,0.86603,-4,20
1530,-0.125,0.82272,-5,19
1531,-0.1,0.77942,-4,18
1532,-0.05,0.77942,-2,18
1533,0.425,0.99593,17,23
1534,0.475,0.99593,19,23
1535,0.45,1.03923,18,24
1536,0.4,1.03923,16,24
1537,0.375,0.99593,15,23
1538,0.4,0.95263,16,22
1539,0.45,0.95263,18,22
1540,-0.2,0.77942,-8,18
1541,-0.15,0.77942,-6,18
1542,-0.175,0.82272,-7,19
1543,-0.225,0.82272,-9,19
1544,-0.25,0.77942,-10,18
1545,-0.225,0.73612,-9,17
1546,-0.175,0.73612,-7,17
1547,-0.325,0.73612,-13,17
1548,-0.275,0.73612,-11,17
1549,-0.3,0.77942,-12,18
1550,-0.35,0.77942,-14,18
1551,-0.375,0.73612,-15,17
1552,-0.35,0.69282,-14,16
1553,-0.3,0.69282,-12,16
1554,-0.45,0.69282,-18,16
1555,-0.4,0.69282,-16,16
1556,-0.425,0.73612,-17,17
1557,-0.475,0.73612,-19,17
1558,-0.5,0.69282,-20,16
1559,-0.475,0.64952,-19,15
1560,-0.425,0.64952,-17,15
1561,-0.575,0.64952,-23,15
1562,-0.525,0.64952,-21,15
1563,-0.55,0.69282,-22,16
1564,-0.6,0.69282,-24,16
1565,-0.625,0.64952,-25,15
1566,-0.6,0.60622,-24,14
1567,-0.55,0.60622,-22,14
1568,-0.7,0.60622,-28,14
1569,-0.65,0.60622,-26,14
1570,-0.675,0.64952,-27,15
1571,-0.725,0.64952,-29,15
1572,-0.75,0.60622,-30,14
1573,-0.725,0.56292,-29,13
1574,-0.675,0.56292,-27,13
1575,-0.825,0.56292,-33,13
1576,-0.775,0.56292,-31,13
1577,-0.8,0.60622,-32,14
1578,-0.85,0.60622,-34,14
1579,-0.875,0.56292,-35,13
1580,-0.85,0.51962,-34,12
1581,-0.8,0.51962,-32,12
1582,-0.95,0.51962,-38,12
1583,-0.9,0.51962,-36,12
1584,-0.925,0.56292,-37,13
1585,-0.975,0.56292,-39,13
1586,-1,0.51962,-40,12
1587,-0.975,0.47631,-39,11
1588,-0.925,0.47631,-37,11
1589,-0.2,-1.03923,-8,-24
1590,-0.15,-1.03923,-6,-24
1591,-0.175,-0.99593,-7,-23
1592,-0.225,-0.99593,-9,-23
1593,-0.25,-1.03923,-10,-24
1594,-0.225,-1.08253,-9,-25
1595,-0.175,-1.08253,-7,-25
1596,-0.325,-1.08253,-13,-25
1597,-0.275,-1.08253,-11,-25
1598,-0.3,-1.03923,-12,-24
1599,-0.35,-1.03923,-14,-24
1600,-0.375,-1.08253,-15,-25
1601,-0.35,-1.12583,-14,-26
1602,-0.3,-1.12583,-12,-26
1603,-0.075,-0.99593,-3,-23
1604,-0.025,-0.99593,-1,-23
1605,-0.05,-0.95263,-2,-22
1606,-0.1,-0.95263,-4,-22
1607,-0.125,-0.99593,-5,-23
1608,-0.1,-1.03923,-4,-24
1609,-0.05,-1.03923,-2,-24
1610,0.05,-0.95263,2,-22
1611,0.1,-0.95263,4,-22
1612,0.075,-0.90933,3,-21
1613,0.025,-0.90933,1,-21
1614,0,-0.95263,0,-22
1615,0.025,-0.99593,1,-23
1616,0.075,-0.99593,3,-23
1617,0.175,-0.90933,7,-21
1618,0.225,-0.90933,9,-21
1619,0.2,-0.86603,8,-20
1620,0.15,-0.86603,6,-20
1621,0.125,-0.90933,5,-21
1622,0.15,-0.95263,6,-22
1623,0.2,-0.95263,8,-22
1624,0.3,-0.86603,12,-20
1625,0.35,-0.86603,14,-20
1626,0.325,-0.82272,13,-19
1627,0.275,-0.82272,11,-19
1628,0.25,-0.86603,10,-20
1629,0.275,-0.90933,11,-21
1630,0.325,-0.90933,13,-21
1631,0.425,-0.82272,17,-19
1632,0.475,-0.82272,19,-19
1633,0.45,-0.77942,18,-18
1634,0.4,-0.77942,16,-18
1635,0.375,-0.82272,15,-19
1636,0.4,-0.86603,16,-20
1637,0.45,-0.86603,18,-20
1638,0.55,-0.77942,22,-18
1639,0.6,-0.77942,24,-18
1640,0.575,-0.73612,23,-17
1641,0.525,-0.73612,21,-17
1642,0.5,-0.77942,20,-18
1643,0.525,-0.82272,21,-19
1644,0.575,-0.82272,23,-19
1645,0.675,-0.73612,27,-17
1646,0.725,-0.73612,29,-17
1647,0.7,-0.69282,28,-16
1648,0.65,-0.69282,26,-16
1649,0.625,-0.73612,25,-17
1650,0.65,-0.77942,26,-18
1651,0.7,-0.77942,28,-18
1652,0.8,-0.69282,32,-16
1653,0.85,-0.69282,34,-16
1654,0.825,-0.64952,33,-15
1655,0.775,-0.64952,31,-15
1656,0.75,-0.69282,30,-16
1657,0.775,-0.73612,31,-17
1658,0.825,-0.73612,33,-17
1659,0.925,-0.64952,37,-15
1660,0.975,-0.64952,39,-15
1661,0.95,-0.60622,38,-14
1662,0.9,-0.60622,36,-14
1663,0.875,-0.64952,35,-15
1664,0.9,-0.69282,36,-16
1665,0.95,-0.69282,38,-16
1666,0.2,1.03923,8,24
1667,0.25,1.03923,10,24
1668,0.225,1.08253,9,25
1669,0.175,1.08253,7,25
1670,0.15,1.03923,6,24
1671,0.175,0.99593,7,23
1672,0.225,0.99593,9,23
1673,0.075,0.99593,3,23
1674,0.125,0.99593,5,23
1675,0.1,1.03923,4,24
1676,0.05,1.03923,2,24
1677,0.025,0.99593,1,23
1678,0.05,0.95263,2,22
1679,0.1,0.95263,4,22
1680,0.325,1.08253,13,25
1681,0.375,1.08253,15,25
1682,0.35,1.12583,14,26
1683,0.3,1.12583,12,26
1684,0.275,1.08253,11,25
1685,0.3,1.03923,12,24
1686,0.35,1.03923,14,24
1687,-0.05,0.95263,-2,22
1688,0,0.95263,0,22
1689,-0.025,0.99593,-1,23
1690,-0.075,0.99593,-3,23
1691,-0.1,0.95263,-4,22
1692,-0.075,0.90933,-3,21
1693,-0.025,0.90933,-1,21
1694,-0.175,0.90933,-7,21
1695,-0.125,0.90933,-5,21
1696,-0.15,0.95263,-6,22
1697,-0.2,0.95263,-8,22
1698,-0.225,0.90933,-9,21
1699,-0.2,0.86603,-8,20
1700,-0.15,0.86603,-6,20
1701,-0.3,0.86603,-12,20
1702,-0.25,0.86603,-10,20
1703,-0.275,0.90933,-11,21
1704,-0.325,0.90933,-13,21
1705,-0.35,0.86603,-14,20
1706,-0.325,0.82272,-13,19
1707,-0.275,0.82272,-11,19
1708,-0.425,0.82272,-17,19
1709,-0.375,0.82272,-15,19
1710,-0.4,0.86603,-16,20
1711,-0.45,0.86603,-18,20
1712,-0.475,0.82272,-19,19
1713,-0.45,0.77942,-18,18
1714,-0.4,0.77942,-16,18
1715,-0.55,0.77942,-22,18
1716,-0.5,0.77942,-20,18
1717,-0.525,0.82272,-21,19
1718,-0.575,0.82272,-23,19
1719,-0.6,0.77942,-24,18
1720,-0.575,0.73612,-23,17
1721,-0.525,0.73612,-21,17
1722,-0.675,0.73612,-27,17
1723,-0.625,0.73612,-25,17
1724,-0.65,0.77942,-26,18
1725,-0.7,0.77942,-28,18
1726,-0.725,0.73612,-29,17
1727,-0.7,0.69282,-28,16
1728,-0.65,0.69282,-26,16
1729,-0.8,0.69282,-32,16
1730,-0.75,0.69282,-30,16
1731,-0.775,0.73612,-31,17
1732,-0.825,0.73612,-33,17
1733,-0.85,0.69282,-34,16
1734,-0.825,0.64952,-33,15
1735,-0.775,0.64952,-31,15
1736,-0.925,0.64952,-37,15
1737,-0.875,0.64952,-35,15
1738,-0.9,0.69282,-36,16
1739,-0.95,0.69282,-38,16
1740,-0.975,0.64952,-39,15
1741,-0.95,0.60622,-38,14
1742,-0.9,0.60622,-36,14
1743,-0.1,-1.12583,-4,-26
1744,-0.05,-1.12583,-2,-26
1745,-0.075,-1.08253,-3,-25
1746,-0.125,-1.08253,-5,-25
1747,-0.15,-1.12583,-6,-26
1748,-0.125,-1.16913,-5,-27
1749,-0.075,-1.16913,-3,-27
1750,0.025,-1.08253,1,-25
1751,0.075,-1.08253,3,-25
1752,0.05,-1.03923,2,-24
1753,0,-1.03923,0,-24
1754,-0.025,-1.08253,-1,-25
1755,0,-1.12583,0,-26
1756,0.05,-1.12583,2,-26
1757,0.15,-1.03923,6,-24
1758,0.2,-1.03923,8,-24
1759,0.175,-0.99593,7,-23
1760,0.125,-0.99593,5,-23
1761,0.1,-1.03923,4,-24
1762,0.125,-1.08253,5,-25
1763,0.175,-1.08253,7,-25
1764,0.275,-0.99593,11,-23
1765,0.325,-0.99593,13,-23
1766,0.3,-0.95263,12,-22
1767,0.25,-0.95263,10,-22
1768,0.225,-0.99593,9,-23
1769,0.25,-1.03923,10,-24
1770,0.3,-1.03923,12,-24
1771,0.4,-0.95263,16,-22
1772,0.45,-0.95263,18,-22
1773,0.425,-0.90933,17,-21
1774,0.375,-0.90933,15,-21
1775,0.35,-0.95263,14,-22
1776,0.375,-0.99593,15,-23
1777,0.425,-0.99593,17,-23
1778,0.525,-0.90933,21,-21
1779,0.575,-0.90933,23,-21
1780,0.55,-0.86603,22,-20
1781,0.5,-0.86603,20,-20
1782,0.475,-0.90933,19,-21
1783,0.5,-0.95263,20,-22
1784,0.55,-0.95263,22,-22
1785,0.65,-0.86603,26,-20
1786,0.7,-0.86603,28,-20
1787,0.675,-0.82272,27,-19
1788,0.625,-0.82272,25,-19
1789,0.6,-0.86603,24,-20
1790,0.625,-0.90933,25,-21
1791,0.675,-0.90933,27,-21
1792,0.775,-0.82272,31,-19
1793,0.825,-0.82272,33,-19
1794,0.8,-0.77942,32,-18
1795,0.75,-0.77942,30,-18
1796,0.725,-0.82272,29,-19
1797,0.75,-0.86603,30,-20
1798,0.8,-0.86603,32,-20
1799,0.1,1.12583,4,26
1800,0.15,1.12583,6,26
1801,0.125,1.16913,5,27
1802,0.075,1.16913,3,27
1803,0.05,1.12583,2,26
1804,0.075,1.08253,3,25
1805,0.125,1.08253,5,25
1806,-0.025,1.08253,-1,25
1807,0.025,1.08253,1,25
1808,0,1.12583,0,26
1809,-0.05,1.12583,-2,26
1810,-0.075,1.08253,-3,25
1811,-0.05,1.03923,-2,24
1812,0,1.03923,0,24
1813,-0.15,1.03923,-6,24
1814,-0.1,1.03923,-4,24
1815,-0.125,1.08253,-5,25
1816,-0.175,1.08253,-7,25
1817,-0.2,1.03923,-8,24
1818,-0.175,0.99593,-7,23
1819,-0.125,0.99593,-5,23
1820,-0.275,0.99593,-11,23
1821,-0.225,0.99593,-9,23
1822,-0.25,1.03923,-10,24
1823,-0.3,1.03923,-12,24
1824,-0.325,0.99593,-13,23
1825,-0.3,0.95263,-12,22
1826,-0.25,0.95263,-10,22
1827,-0.4,0.95263,-16,22
1828,-0.35,0.95263,-14,22
1829,-0.375,0.99593,-15,23
1830,-0.425,0.99593,-17,23
1831,-0.45,0.95263,-18,22
1832,-0.425,0.90933,-17,21
1833,-0.375,0.90933,-15,21
1834,-0.525,0.90933,-21,21
1835,-0.475,0.90933,-19,21
1836,-0.5,0.95263,-20,22
1837,-0.55,0.95263,-22,22
1838,-0.575,0.90933,-23,21
1839,-0.55,0.86603,-22,20
1840,-0.5,0.86603,-20,20
1841,-0.65,0.86603,-26,20
1842,-0.6,0.86603,-24,20
1843,-0.625,0.90933,-25,21
1844,-0.675,0.90933,-27,21
1845,-0.7,0.86603,-28,20
1846,-0.675,0.82272,-27,19
1847,-0.625,0.82272,-25,19
1848,-0.775,0.82272,-31,19
1849,-0.725,0.82272,-29,19
1850,-0.75,0.86603,-30,20
1851,-0.8,0.86603,-32,20
1852,-0.825,0.82272,-33,19
1853,-0.8,0.77942,-32,18
1854,-0.75,0.77942,-30,18